"Kod";"Nazwa";"Wskaźniki";"Rok";"Wartosc";"Jednostka miary";"Atrybut";
0000000;"POLSKA";"produkt krajowy brutto na 1 mieszkańca";"2000";19565;"zł";"";
0000000;"POLSKA";"produkt krajowy brutto na 1 mieszkańca";"2001";20432;"zł";"";
0000000;"POLSKA";"produkt krajowy brutto na 1 mieszkańca";"2002";21244;"zł";"";
0000000;"POLSKA";"produkt krajowy brutto na 1 mieszkańca";"2003";22180;"zł";"";
0000000;"POLSKA";"produkt krajowy brutto na 1 mieszkańca";"2004";24439;"zł";"";
0000000;"POLSKA";"produkt krajowy brutto na 1 mieszkańca";"2005";25957;"zł";"";
0000000;"POLSKA";"produkt krajowy brutto na 1 mieszkańca";"2006";28046;"zł";"";
0000000;"POLSKA";"produkt krajowy brutto na 1 mieszkańca";"2007";31155;"zł";"";
0000000;"POLSKA";"produkt krajowy brutto na 1 mieszkańca";"2008";33728;"zł";"";
0000000;"POLSKA";"produkt krajowy brutto na 1 mieszkańca";"2009";35653;"zł";"";
0000000;"POLSKA";"produkt krajowy brutto na 1 mieszkańca";"2010";37564;"zł";"";
0000000;"POLSKA";"produkt krajowy brutto na 1 mieszkańca";"2011";40628;"zł";"";
0000000;"POLSKA";"produkt krajowy brutto na 1 mieszkańca";"2012";42130;"zł";"";
0000000;"POLSKA";"produkt krajowy brutto na 1 mieszkańca";"2013";42770;"zł";"";
0000000;"POLSKA";"produkt krajowy brutto na 1 mieszkańca";"2014";44466;"zł";"";
0000000;"POLSKA";"produkt krajowy brutto na 1 mieszkańca";"2015";46837;"zł";"";
0000000;"POLSKA";"produkt krajowy brutto na 1 mieszkańca";"2016";48494;"zł";"";
0000000;"POLSKA";"produkt krajowy brutto na 1 mieszkańca";"2017";51789;"zł";"";
0000000;"POLSKA";"produkt krajowy brutto na 1 mieszkańca";"2018";55230;"zł";"";
0000000;"POLSKA";"produkt krajowy brutto na 1 mieszkańca";"2019";59741;"zł";"";
0000000;"POLSKA";"produkt krajowy brutto na 1 mieszkańca";"2020";60663;"zł";"s";
0000000;"POLSKA";"produkt krajowy brutto na 1 mieszkańca";"2021";;"zł";"n";
0200000;"DOLNOŚLĄSKIE";"produkt krajowy brutto na 1 mieszkańca";"2000";20116;"zł";"";
0200000;"DOLNOŚLĄSKIE";"produkt krajowy brutto na 1 mieszkańca";"2001";20645;"zł";"";
0200000;"DOLNOŚLĄSKIE";"produkt krajowy brutto na 1 mieszkańca";"2002";21800;"zł";"";
0200000;"DOLNOŚLĄSKIE";"produkt krajowy brutto na 1 mieszkańca";"2003";22647;"zł";"";
0200000;"DOLNOŚLĄSKIE";"produkt krajowy brutto na 1 mieszkańca";"2004";24704;"zł";"";
0200000;"DOLNOŚLĄSKIE";"produkt krajowy brutto na 1 mieszkańca";"2005";26793;"zł";"";
0200000;"DOLNOŚLĄSKIE";"produkt krajowy brutto na 1 mieszkańca";"2006";30030;"zł";"";
0200000;"DOLNOŚLĄSKIE";"produkt krajowy brutto na 1 mieszkańca";"2007";33883;"zł";"";
0200000;"DOLNOŚLĄSKIE";"produkt krajowy brutto na 1 mieszkańca";"2008";36453;"zł";"";
0200000;"DOLNOŚLĄSKIE";"produkt krajowy brutto na 1 mieszkańca";"2009";38833;"zł";"";
0200000;"DOLNOŚLĄSKIE";"produkt krajowy brutto na 1 mieszkańca";"2010";42300;"zł";"";
0200000;"DOLNOŚLĄSKIE";"produkt krajowy brutto na 1 mieszkańca";"2011";46220;"zł";"";
0200000;"DOLNOŚLĄSKIE";"produkt krajowy brutto na 1 mieszkańca";"2012";47771;"zł";"";
0200000;"DOLNOŚLĄSKIE";"produkt krajowy brutto na 1 mieszkańca";"2013";47847;"zł";"";
0200000;"DOLNOŚLĄSKIE";"produkt krajowy brutto na 1 mieszkańca";"2014";49717;"zł";"";
0200000;"DOLNOŚLĄSKIE";"produkt krajowy brutto na 1 mieszkańca";"2015";52222;"zł";"";
0200000;"DOLNOŚLĄSKIE";"produkt krajowy brutto na 1 mieszkańca";"2016";53754;"zł";"";
0200000;"DOLNOŚLĄSKIE";"produkt krajowy brutto na 1 mieszkańca";"2017";57234;"zł";"";
0200000;"DOLNOŚLĄSKIE";"produkt krajowy brutto na 1 mieszkańca";"2018";60562;"zł";"";
0200000;"DOLNOŚLĄSKIE";"produkt krajowy brutto na 1 mieszkańca";"2019";65392;"zł";"";
0200000;"DOLNOŚLĄSKIE";"produkt krajowy brutto na 1 mieszkańca";"2020";67148;"zł";"s";
0200000;"DOLNOŚLĄSKIE";"produkt krajowy brutto na 1 mieszkańca";"2021";;"zł";"n";
0400000;"KUJAWSKO-POMORSKIE";"produkt krajowy brutto na 1 mieszkańca";"2000";17530;"zł";"";
0400000;"KUJAWSKO-POMORSKIE";"produkt krajowy brutto na 1 mieszkańca";"2001";18450;"zł";"";
0400000;"KUJAWSKO-POMORSKIE";"produkt krajowy brutto na 1 mieszkańca";"2002";19084;"zł";"";
0400000;"KUJAWSKO-POMORSKIE";"produkt krajowy brutto na 1 mieszkańca";"2003";19719;"zł";"";
0400000;"KUJAWSKO-POMORSKIE";"produkt krajowy brutto na 1 mieszkańca";"2004";21502;"zł";"";
0400000;"KUJAWSKO-POMORSKIE";"produkt krajowy brutto na 1 mieszkańca";"2005";22410;"zł";"";
0400000;"KUJAWSKO-POMORSKIE";"produkt krajowy brutto na 1 mieszkańca";"2006";24231;"zł";"";
0400000;"KUJAWSKO-POMORSKIE";"produkt krajowy brutto na 1 mieszkańca";"2007";26817;"zł";"";
0400000;"KUJAWSKO-POMORSKIE";"produkt krajowy brutto na 1 mieszkańca";"2008";28911;"zł";"";
0400000;"KUJAWSKO-POMORSKIE";"produkt krajowy brutto na 1 mieszkańca";"2009";29753;"zł";"";
0400000;"KUJAWSKO-POMORSKIE";"produkt krajowy brutto na 1 mieszkańca";"2010";31127;"zł";"";
0400000;"KUJAWSKO-POMORSKIE";"produkt krajowy brutto na 1 mieszkańca";"2011";33185;"zł";"";
0400000;"KUJAWSKO-POMORSKIE";"produkt krajowy brutto na 1 mieszkańca";"2012";34238;"zł";"";
0400000;"KUJAWSKO-POMORSKIE";"produkt krajowy brutto na 1 mieszkańca";"2013";35109;"zł";"";
0400000;"KUJAWSKO-POMORSKIE";"produkt krajowy brutto na 1 mieszkańca";"2014";36232;"zł";"";
0400000;"KUJAWSKO-POMORSKIE";"produkt krajowy brutto na 1 mieszkańca";"2015";38240;"zł";"";
0400000;"KUJAWSKO-POMORSKIE";"produkt krajowy brutto na 1 mieszkańca";"2016";39585;"zł";"";
0400000;"KUJAWSKO-POMORSKIE";"produkt krajowy brutto na 1 mieszkańca";"2017";41888;"zł";"";
0400000;"KUJAWSKO-POMORSKIE";"produkt krajowy brutto na 1 mieszkańca";"2018";44854;"zł";"";
0400000;"KUJAWSKO-POMORSKIE";"produkt krajowy brutto na 1 mieszkańca";"2019";47558;"zł";"";
0400000;"KUJAWSKO-POMORSKIE";"produkt krajowy brutto na 1 mieszkańca";"2020";49439;"zł";"s";
0400000;"KUJAWSKO-POMORSKIE";"produkt krajowy brutto na 1 mieszkańca";"2021";;"zł";"n";
0600000;"LUBELSKIE";"produkt krajowy brutto na 1 mieszkańca";"2000";14010;"zł";"";
0600000;"LUBELSKIE";"produkt krajowy brutto na 1 mieszkańca";"2001";14919;"zł";"";
0600000;"LUBELSKIE";"produkt krajowy brutto na 1 mieszkańca";"2002";15351;"zł";"";
0600000;"LUBELSKIE";"produkt krajowy brutto na 1 mieszkańca";"2003";16049;"zł";"";
0600000;"LUBELSKIE";"produkt krajowy brutto na 1 mieszkańca";"2004";17326;"zł";"";
0600000;"LUBELSKIE";"produkt krajowy brutto na 1 mieszkańca";"2005";18183;"zł";"";
0600000;"LUBELSKIE";"produkt krajowy brutto na 1 mieszkańca";"2006";19378;"zł";"";
0600000;"LUBELSKIE";"produkt krajowy brutto na 1 mieszkańca";"2007";21764;"zł";"";
0600000;"LUBELSKIE";"produkt krajowy brutto na 1 mieszkańca";"2008";23968;"zł";"";
0600000;"LUBELSKIE";"produkt krajowy brutto na 1 mieszkańca";"2009";24499;"zł";"";
0600000;"LUBELSKIE";"produkt krajowy brutto na 1 mieszkańca";"2010";25993;"zł";"";
0600000;"LUBELSKIE";"produkt krajowy brutto na 1 mieszkańca";"2011";28313;"zł";"";
0600000;"LUBELSKIE";"produkt krajowy brutto na 1 mieszkańca";"2012";29589;"zł";"";
0600000;"LUBELSKIE";"produkt krajowy brutto na 1 mieszkańca";"2013";30335;"zł";"";
0600000;"LUBELSKIE";"produkt krajowy brutto na 1 mieszkańca";"2014";31186;"zł";"";
0600000;"LUBELSKIE";"produkt krajowy brutto na 1 mieszkańca";"2015";32230;"zł";"";
0600000;"LUBELSKIE";"produkt krajowy brutto na 1 mieszkańca";"2016";33542;"zł";"";
0600000;"LUBELSKIE";"produkt krajowy brutto na 1 mieszkańca";"2017";35882;"zł";"";
0600000;"LUBELSKIE";"produkt krajowy brutto na 1 mieszkańca";"2018";37458;"zł";"";
0600000;"LUBELSKIE";"produkt krajowy brutto na 1 mieszkańca";"2019";40771;"zł";"";
0600000;"LUBELSKIE";"produkt krajowy brutto na 1 mieszkańca";"2020";41315;"zł";"s";
0600000;"LUBELSKIE";"produkt krajowy brutto na 1 mieszkańca";"2021";;"zł";"n";
0800000;"LUBUSKIE";"produkt krajowy brutto na 1 mieszkańca";"2000";17495;"zł";"";
0800000;"LUBUSKIE";"produkt krajowy brutto na 1 mieszkańca";"2001";18133;"zł";"";
0800000;"LUBUSKIE";"produkt krajowy brutto na 1 mieszkańca";"2002";18690;"zł";"";
0800000;"LUBUSKIE";"produkt krajowy brutto na 1 mieszkańca";"2003";19199;"zł";"";
0800000;"LUBUSKIE";"produkt krajowy brutto na 1 mieszkańca";"2004";21667;"zł";"";
0800000;"LUBUSKIE";"produkt krajowy brutto na 1 mieszkańca";"2005";23454;"zł";"";
0800000;"LUBUSKIE";"produkt krajowy brutto na 1 mieszkańca";"2006";25167;"zł";"";
0800000;"LUBUSKIE";"produkt krajowy brutto na 1 mieszkańca";"2007";27792;"zł";"";
0800000;"LUBUSKIE";"produkt krajowy brutto na 1 mieszkańca";"2008";29285;"zł";"";
0800000;"LUBUSKIE";"produkt krajowy brutto na 1 mieszkańca";"2009";30382;"zł";"";
0800000;"LUBUSKIE";"produkt krajowy brutto na 1 mieszkańca";"2010";31895;"zł";"";
0800000;"LUBUSKIE";"produkt krajowy brutto na 1 mieszkańca";"2011";33845;"zł";"";
0800000;"LUBUSKIE";"produkt krajowy brutto na 1 mieszkańca";"2012";35102;"zł";"";
0800000;"LUBUSKIE";"produkt krajowy brutto na 1 mieszkańca";"2013";35752;"zł";"";
0800000;"LUBUSKIE";"produkt krajowy brutto na 1 mieszkańca";"2014";37644;"zł";"";
0800000;"LUBUSKIE";"produkt krajowy brutto na 1 mieszkańca";"2015";39174;"zł";"";
0800000;"LUBUSKIE";"produkt krajowy brutto na 1 mieszkańca";"2016";40784;"zł";"";
0800000;"LUBUSKIE";"produkt krajowy brutto na 1 mieszkańca";"2017";42785;"zł";"";
0800000;"LUBUSKIE";"produkt krajowy brutto na 1 mieszkańca";"2018";45443;"zł";"";
0800000;"LUBUSKIE";"produkt krajowy brutto na 1 mieszkańca";"2019";48499;"zł";"";
0800000;"LUBUSKIE";"produkt krajowy brutto na 1 mieszkańca";"2020";49394;"zł";"s";
0800000;"LUBUSKIE";"produkt krajowy brutto na 1 mieszkańca";"2021";;"zł";"n";
1000000;"ŁÓDZKIE";"produkt krajowy brutto na 1 mieszkańca";"2000";17345;"zł";"";
1000000;"ŁÓDZKIE";"produkt krajowy brutto na 1 mieszkańca";"2001";18299;"zł";"";
1000000;"ŁÓDZKIE";"produkt krajowy brutto na 1 mieszkańca";"2002";19376;"zł";"";
1000000;"ŁÓDZKIE";"produkt krajowy brutto na 1 mieszkańca";"2003";20580;"zł";"";
1000000;"ŁÓDZKIE";"produkt krajowy brutto na 1 mieszkańca";"2004";22472;"zł";"";
1000000;"ŁÓDZKIE";"produkt krajowy brutto na 1 mieszkańca";"2005";23953;"zł";"";
1000000;"ŁÓDZKIE";"produkt krajowy brutto na 1 mieszkańca";"2006";25856;"zł";"";
1000000;"ŁÓDZKIE";"produkt krajowy brutto na 1 mieszkańca";"2007";28743;"zł";"";
1000000;"ŁÓDZKIE";"produkt krajowy brutto na 1 mieszkańca";"2008";31328;"zł";"";
1000000;"ŁÓDZKIE";"produkt krajowy brutto na 1 mieszkańca";"2009";32846;"zł";"";
1000000;"ŁÓDZKIE";"produkt krajowy brutto na 1 mieszkańca";"2010";34827;"zł";"";
1000000;"ŁÓDZKIE";"produkt krajowy brutto na 1 mieszkańca";"2011";37628;"zł";"";
1000000;"ŁÓDZKIE";"produkt krajowy brutto na 1 mieszkańca";"2012";39313;"zł";"";
1000000;"ŁÓDZKIE";"produkt krajowy brutto na 1 mieszkańca";"2013";39994;"zł";"";
1000000;"ŁÓDZKIE";"produkt krajowy brutto na 1 mieszkańca";"2014";41751;"zł";"";
1000000;"ŁÓDZKIE";"produkt krajowy brutto na 1 mieszkańca";"2015";43854;"zł";"";
1000000;"ŁÓDZKIE";"produkt krajowy brutto na 1 mieszkańca";"2016";45314;"zł";"";
1000000;"ŁÓDZKIE";"produkt krajowy brutto na 1 mieszkańca";"2017";48189;"zł";"";
1000000;"ŁÓDZKIE";"produkt krajowy brutto na 1 mieszkańca";"2018";51397;"zł";"";
1000000;"ŁÓDZKIE";"produkt krajowy brutto na 1 mieszkańca";"2019";56209;"zł";"";
1000000;"ŁÓDZKIE";"produkt krajowy brutto na 1 mieszkańca";"2020";58840;"zł";"s";
1000000;"ŁÓDZKIE";"produkt krajowy brutto na 1 mieszkańca";"2021";;"zł";"n";
1200000;"MAŁOPOLSKIE";"produkt krajowy brutto na 1 mieszkańca";"2000";17552;"zł";"";
1200000;"MAŁOPOLSKIE";"produkt krajowy brutto na 1 mieszkańca";"2001";17913;"zł";"";
1200000;"MAŁOPOLSKIE";"produkt krajowy brutto na 1 mieszkańca";"2002";18834;"zł";"";
1200000;"MAŁOPOLSKIE";"produkt krajowy brutto na 1 mieszkańca";"2003";19813;"zł";"";
1200000;"MAŁOPOLSKIE";"produkt krajowy brutto na 1 mieszkańca";"2004";21644;"zł";"";
1200000;"MAŁOPOLSKIE";"produkt krajowy brutto na 1 mieszkańca";"2005";23002;"zł";"";
1200000;"MAŁOPOLSKIE";"produkt krajowy brutto na 1 mieszkańca";"2006";25295;"zł";"";
1200000;"MAŁOPOLSKIE";"produkt krajowy brutto na 1 mieszkańca";"2007";27728;"zł";"";
1200000;"MAŁOPOLSKIE";"produkt krajowy brutto na 1 mieszkańca";"2008";30232;"zł";"";
1200000;"MAŁOPOLSKIE";"produkt krajowy brutto na 1 mieszkańca";"2009";31636;"zł";"";
1200000;"MAŁOPOLSKIE";"produkt krajowy brutto na 1 mieszkańca";"2010";32955;"zł";"";
1200000;"MAŁOPOLSKIE";"produkt krajowy brutto na 1 mieszkańca";"2011";36088;"zł";"";
1200000;"MAŁOPOLSKIE";"produkt krajowy brutto na 1 mieszkańca";"2012";37171;"zł";"";
1200000;"MAŁOPOLSKIE";"produkt krajowy brutto na 1 mieszkańca";"2013";37860;"zł";"";
1200000;"MAŁOPOLSKIE";"produkt krajowy brutto na 1 mieszkańca";"2014";39568;"zł";"";
1200000;"MAŁOPOLSKIE";"produkt krajowy brutto na 1 mieszkańca";"2015";42214;"zł";"";
1200000;"MAŁOPOLSKIE";"produkt krajowy brutto na 1 mieszkańca";"2016";43967;"zł";"";
1200000;"MAŁOPOLSKIE";"produkt krajowy brutto na 1 mieszkańca";"2017";47326;"zł";"";
1200000;"MAŁOPOLSKIE";"produkt krajowy brutto na 1 mieszkańca";"2018";50861;"zł";"";
1200000;"MAŁOPOLSKIE";"produkt krajowy brutto na 1 mieszkańca";"2019";54678;"zł";"";
1200000;"MAŁOPOLSKIE";"produkt krajowy brutto na 1 mieszkańca";"2020";55448;"zł";"s";
1200000;"MAŁOPOLSKIE";"produkt krajowy brutto na 1 mieszkańca";"2021";;"zł";"n";
1400000;"MAZOWIECKIE";"produkt krajowy brutto na 1 mieszkańca";"2000";29898;"zł";"";
1400000;"MAZOWIECKIE";"produkt krajowy brutto na 1 mieszkańca";"2001";31392;"zł";"";
1400000;"MAZOWIECKIE";"produkt krajowy brutto na 1 mieszkańca";"2002";32177;"zł";"";
1400000;"MAZOWIECKIE";"produkt krajowy brutto na 1 mieszkańca";"2003";33595;"zł";"";
1400000;"MAZOWIECKIE";"produkt krajowy brutto na 1 mieszkańca";"2004";36982;"zł";"";
1400000;"MAZOWIECKIE";"produkt krajowy brutto na 1 mieszkańca";"2005";40121;"zł";"";
1400000;"MAZOWIECKIE";"produkt krajowy brutto na 1 mieszkańca";"2006";43528;"zł";"";
1400000;"MAZOWIECKIE";"produkt krajowy brutto na 1 mieszkańca";"2007";48446;"zł";"";
1400000;"MAZOWIECKIE";"produkt krajowy brutto na 1 mieszkańca";"2008";51713;"zł";"";
1400000;"MAZOWIECKIE";"produkt krajowy brutto na 1 mieszkańca";"2009";55796;"zł";"";
1400000;"MAZOWIECKIE";"produkt krajowy brutto na 1 mieszkańca";"2010";59672;"zł";"";
1400000;"MAZOWIECKIE";"produkt krajowy brutto na 1 mieszkańca";"2011";64345;"zł";"";
1400000;"MAZOWIECKIE";"produkt krajowy brutto na 1 mieszkańca";"2012";67104;"zł";"";
1400000;"MAZOWIECKIE";"produkt krajowy brutto na 1 mieszkańca";"2013";68438;"zł";"";
1400000;"MAZOWIECKIE";"produkt krajowy brutto na 1 mieszkańca";"2014";71125;"zł";"";
1400000;"MAZOWIECKIE";"produkt krajowy brutto na 1 mieszkańca";"2015";74568;"zł";"";
1400000;"MAZOWIECKIE";"produkt krajowy brutto na 1 mieszkańca";"2016";77190;"zł";"";
1400000;"MAZOWIECKIE";"produkt krajowy brutto na 1 mieszkańca";"2017";82943;"zł";"";
1400000;"MAZOWIECKIE";"produkt krajowy brutto na 1 mieszkańca";"2018";88626;"zł";"";
1400000;"MAZOWIECKIE";"produkt krajowy brutto na 1 mieszkańca";"2019";96725;"zł";"";
1400000;"MAZOWIECKIE";"produkt krajowy brutto na 1 mieszkańca";"2020";98237;"zł";"s";
1400000;"MAZOWIECKIE";"produkt krajowy brutto na 1 mieszkańca";"2021";;"zł";"n";
1600000;"OPOLSKIE";"produkt krajowy brutto na 1 mieszkańca";"2000";16294;"zł";"";
1600000;"OPOLSKIE";"produkt krajowy brutto na 1 mieszkańca";"2001";16555;"zł";"";
1600000;"OPOLSKIE";"produkt krajowy brutto na 1 mieszkańca";"2002";17235;"zł";"";
1600000;"OPOLSKIE";"produkt krajowy brutto na 1 mieszkańca";"2003";17646;"zł";"";
1600000;"OPOLSKIE";"produkt krajowy brutto na 1 mieszkańca";"2004";20852;"zł";"";
1600000;"OPOLSKIE";"produkt krajowy brutto na 1 mieszkańca";"2005";21573;"zł";"";
1600000;"OPOLSKIE";"produkt krajowy brutto na 1 mieszkańca";"2006";22831;"zł";"";
1600000;"OPOLSKIE";"produkt krajowy brutto na 1 mieszkańca";"2007";26145;"zł";"";
1600000;"OPOLSKIE";"produkt krajowy brutto na 1 mieszkańca";"2008";29004;"zł";"";
1600000;"OPOLSKIE";"produkt krajowy brutto na 1 mieszkańca";"2009";29870;"zł";"";
1600000;"OPOLSKIE";"produkt krajowy brutto na 1 mieszkańca";"2010";30835;"zł";"";
1600000;"OPOLSKIE";"produkt krajowy brutto na 1 mieszkańca";"2011";33213;"zł";"";
1600000;"OPOLSKIE";"produkt krajowy brutto na 1 mieszkańca";"2012";34057;"zł";"";
1600000;"OPOLSKIE";"produkt krajowy brutto na 1 mieszkańca";"2013";34503;"zł";"";
1600000;"OPOLSKIE";"produkt krajowy brutto na 1 mieszkańca";"2014";36182;"zł";"";
1600000;"OPOLSKIE";"produkt krajowy brutto na 1 mieszkańca";"2015";37848;"zł";"";
1600000;"OPOLSKIE";"produkt krajowy brutto na 1 mieszkańca";"2016";38623;"zł";"";
1600000;"OPOLSKIE";"produkt krajowy brutto na 1 mieszkańca";"2017";41065;"zł";"";
1600000;"OPOLSKIE";"produkt krajowy brutto na 1 mieszkańca";"2018";43879;"zł";"";
1600000;"OPOLSKIE";"produkt krajowy brutto na 1 mieszkańca";"2019";47272;"zł";"";
1600000;"OPOLSKIE";"produkt krajowy brutto na 1 mieszkańca";"2020";47723;"zł";"s";
1600000;"OPOLSKIE";"produkt krajowy brutto na 1 mieszkańca";"2021";;"zł";"n";
1800000;"PODKARPACKIE";"produkt krajowy brutto na 1 mieszkańca";"2000";14225;"zł";"";
1800000;"PODKARPACKIE";"produkt krajowy brutto na 1 mieszkańca";"2001";15081;"zł";"";
1800000;"PODKARPACKIE";"produkt krajowy brutto na 1 mieszkańca";"2002";15758;"zł";"";
1800000;"PODKARPACKIE";"produkt krajowy brutto na 1 mieszkańca";"2003";16568;"zł";"";
1800000;"PODKARPACKIE";"produkt krajowy brutto na 1 mieszkańca";"2004";17746;"zł";"";
1800000;"PODKARPACKIE";"produkt krajowy brutto na 1 mieszkańca";"2005";18696;"zł";"";
1800000;"PODKARPACKIE";"produkt krajowy brutto na 1 mieszkańca";"2006";20017;"zł";"";
1800000;"PODKARPACKIE";"produkt krajowy brutto na 1 mieszkańca";"2007";21937;"zł";"";
1800000;"PODKARPACKIE";"produkt krajowy brutto na 1 mieszkańca";"2008";24164;"zł";"";
1800000;"PODKARPACKIE";"produkt krajowy brutto na 1 mieszkańca";"2009";25147;"zł";"";
1800000;"PODKARPACKIE";"produkt krajowy brutto na 1 mieszkańca";"2010";26204;"zł";"";
1800000;"PODKARPACKIE";"produkt krajowy brutto na 1 mieszkańca";"2011";28561;"zł";"";
1800000;"PODKARPACKIE";"produkt krajowy brutto na 1 mieszkańca";"2012";29487;"zł";"";
1800000;"PODKARPACKIE";"produkt krajowy brutto na 1 mieszkańca";"2013";30451;"zł";"";
1800000;"PODKARPACKIE";"produkt krajowy brutto na 1 mieszkańca";"2014";31576;"zł";"";
1800000;"PODKARPACKIE";"produkt krajowy brutto na 1 mieszkańca";"2015";33277;"zł";"";
1800000;"PODKARPACKIE";"produkt krajowy brutto na 1 mieszkańca";"2016";34254;"zł";"";
1800000;"PODKARPACKIE";"produkt krajowy brutto na 1 mieszkańca";"2017";36184;"zł";"";
1800000;"PODKARPACKIE";"produkt krajowy brutto na 1 mieszkańca";"2018";39019;"zł";"";
1800000;"PODKARPACKIE";"produkt krajowy brutto na 1 mieszkańca";"2019";42225;"zł";"";
1800000;"PODKARPACKIE";"produkt krajowy brutto na 1 mieszkańca";"2020";41937;"zł";"s";
1800000;"PODKARPACKIE";"produkt krajowy brutto na 1 mieszkańca";"2021";;"zł";"n";
2000000;"PODLASKIE";"produkt krajowy brutto na 1 mieszkańca";"2000";14387;"zł";"";
2000000;"PODLASKIE";"produkt krajowy brutto na 1 mieszkańca";"2001";15639;"zł";"";
2000000;"PODLASKIE";"produkt krajowy brutto na 1 mieszkańca";"2002";16207;"zł";"";
2000000;"PODLASKIE";"produkt krajowy brutto na 1 mieszkańca";"2003";16733;"zł";"";
2000000;"PODLASKIE";"produkt krajowy brutto na 1 mieszkańca";"2004";18038;"zł";"";
2000000;"PODLASKIE";"produkt krajowy brutto na 1 mieszkańca";"2005";19195;"zł";"";
2000000;"PODLASKIE";"produkt krajowy brutto na 1 mieszkańca";"2006";20388;"zł";"";
2000000;"PODLASKIE";"produkt krajowy brutto na 1 mieszkańca";"2007";23116;"zł";"";
2000000;"PODLASKIE";"produkt krajowy brutto na 1 mieszkańca";"2008";24598;"zł";"";
2000000;"PODLASKIE";"produkt krajowy brutto na 1 mieszkańca";"2009";26141;"zł";"";
2000000;"PODLASKIE";"produkt krajowy brutto na 1 mieszkańca";"2010";27596;"zł";"";
2000000;"PODLASKIE";"produkt krajowy brutto na 1 mieszkańca";"2011";29798;"zł";"";
2000000;"PODLASKIE";"produkt krajowy brutto na 1 mieszkańca";"2012";30329;"zł";"";
2000000;"PODLASKIE";"produkt krajowy brutto na 1 mieszkańca";"2013";31339;"zł";"";
2000000;"PODLASKIE";"produkt krajowy brutto na 1 mieszkańca";"2014";32461;"zł";"";
2000000;"PODLASKIE";"produkt krajowy brutto na 1 mieszkańca";"2015";33512;"zł";"";
2000000;"PODLASKIE";"produkt krajowy brutto na 1 mieszkańca";"2016";34558;"zł";"";
2000000;"PODLASKIE";"produkt krajowy brutto na 1 mieszkańca";"2017";37322;"zł";"";
2000000;"PODLASKIE";"produkt krajowy brutto na 1 mieszkańca";"2018";39622;"zł";"";
2000000;"PODLASKIE";"produkt krajowy brutto na 1 mieszkańca";"2019";43128;"zł";"";
2000000;"PODLASKIE";"produkt krajowy brutto na 1 mieszkańca";"2020";44522;"zł";"s";
2000000;"PODLASKIE";"produkt krajowy brutto na 1 mieszkańca";"2021";;"zł";"n";
2200000;"POMORSKIE";"produkt krajowy brutto na 1 mieszkańca";"2000";19328;"zł";"";
2200000;"POMORSKIE";"produkt krajowy brutto na 1 mieszkańca";"2001";20153;"zł";"";
2200000;"POMORSKIE";"produkt krajowy brutto na 1 mieszkańca";"2002";21327;"zł";"";
2200000;"POMORSKIE";"produkt krajowy brutto na 1 mieszkańca";"2003";22020;"zł";"";
2200000;"POMORSKIE";"produkt krajowy brutto na 1 mieszkańca";"2004";23988;"zł";"";
2200000;"POMORSKIE";"produkt krajowy brutto na 1 mieszkańca";"2005";25660;"zł";"";
2200000;"POMORSKIE";"produkt krajowy brutto na 1 mieszkańca";"2006";27667;"zł";"";
2200000;"POMORSKIE";"produkt krajowy brutto na 1 mieszkańca";"2007";30720;"zł";"";
2200000;"POMORSKIE";"produkt krajowy brutto na 1 mieszkańca";"2008";32241;"zł";"";
2200000;"POMORSKIE";"produkt krajowy brutto na 1 mieszkańca";"2009";34810;"zł";"";
2200000;"POMORSKIE";"produkt krajowy brutto na 1 mieszkańca";"2010";36063;"zł";"";
2200000;"POMORSKIE";"produkt krajowy brutto na 1 mieszkańca";"2011";39023;"zł";"";
2200000;"POMORSKIE";"produkt krajowy brutto na 1 mieszkańca";"2012";41185;"zł";"";
2200000;"POMORSKIE";"produkt krajowy brutto na 1 mieszkańca";"2013";41227;"zł";"";
2200000;"POMORSKIE";"produkt krajowy brutto na 1 mieszkańca";"2014";42346;"zł";"";
2200000;"POMORSKIE";"produkt krajowy brutto na 1 mieszkańca";"2015";45036;"zł";"";
2200000;"POMORSKIE";"produkt krajowy brutto na 1 mieszkańca";"2016";46978;"zł";"";
2200000;"POMORSKIE";"produkt krajowy brutto na 1 mieszkańca";"2017";50019;"zł";"";
2200000;"POMORSKIE";"produkt krajowy brutto na 1 mieszkańca";"2018";53669;"zł";"";
2200000;"POMORSKIE";"produkt krajowy brutto na 1 mieszkańca";"2019";58202;"zł";"";
2200000;"POMORSKIE";"produkt krajowy brutto na 1 mieszkańca";"2020";57669;"zł";"s";
2200000;"POMORSKIE";"produkt krajowy brutto na 1 mieszkańca";"2021";;"zł";"n";
2400000;"ŚLĄSKIE";"produkt krajowy brutto na 1 mieszkańca";"2000";20769;"zł";"";
2400000;"ŚLĄSKIE";"produkt krajowy brutto na 1 mieszkańca";"2001";21844;"zł";"";
2400000;"ŚLĄSKIE";"produkt krajowy brutto na 1 mieszkańca";"2002";23051;"zł";"";
2400000;"ŚLĄSKIE";"produkt krajowy brutto na 1 mieszkańca";"2003";24028;"zł";"";
2400000;"ŚLĄSKIE";"produkt krajowy brutto na 1 mieszkańca";"2004";27235;"zł";"";
2400000;"ŚLĄSKIE";"produkt krajowy brutto na 1 mieszkańca";"2005";27939;"zł";"";
2400000;"ŚLĄSKIE";"produkt krajowy brutto na 1 mieszkańca";"2006";29714;"zł";"";
2400000;"ŚLĄSKIE";"produkt krajowy brutto na 1 mieszkańca";"2007";32878;"zł";"";
2400000;"ŚLĄSKIE";"produkt krajowy brutto na 1 mieszkańca";"2008";36091;"zł";"";
2400000;"ŚLĄSKIE";"produkt krajowy brutto na 1 mieszkańca";"2009";38309;"zł";"";
2400000;"ŚLĄSKIE";"produkt krajowy brutto na 1 mieszkańca";"2010";40162;"zł";"";
2400000;"ŚLĄSKIE";"produkt krajowy brutto na 1 mieszkańca";"2011";43571;"zł";"";
2400000;"ŚLĄSKIE";"produkt krajowy brutto na 1 mieszkańca";"2012";44605;"zł";"";
2400000;"ŚLĄSKIE";"produkt krajowy brutto na 1 mieszkańca";"2013";44454;"zł";"";
2400000;"ŚLĄSKIE";"produkt krajowy brutto na 1 mieszkańca";"2014";46167;"zł";"";
2400000;"ŚLĄSKIE";"produkt krajowy brutto na 1 mieszkańca";"2015";48662;"zł";"";
2400000;"ŚLĄSKIE";"produkt krajowy brutto na 1 mieszkańca";"2016";50216;"zł";"";
2400000;"ŚLĄSKIE";"produkt krajowy brutto na 1 mieszkańca";"2017";53625;"zł";"";
2400000;"ŚLĄSKIE";"produkt krajowy brutto na 1 mieszkańca";"2018";57384;"zł";"";
2400000;"ŚLĄSKIE";"produkt krajowy brutto na 1 mieszkańca";"2019";61234;"zł";"";
2400000;"ŚLĄSKIE";"produkt krajowy brutto na 1 mieszkańca";"2020";60091;"zł";"s";
2400000;"ŚLĄSKIE";"produkt krajowy brutto na 1 mieszkańca";"2021";;"zł";"n";
2600000;"ŚWIĘTOKRZYSKIE";"produkt krajowy brutto na 1 mieszkańca";"2000";15260;"zł";"";
2600000;"ŚWIĘTOKRZYSKIE";"produkt krajowy brutto na 1 mieszkańca";"2001";15938;"zł";"";
2600000;"ŚWIĘTOKRZYSKIE";"produkt krajowy brutto na 1 mieszkańca";"2002";16827;"zł";"";
2600000;"ŚWIĘTOKRZYSKIE";"produkt krajowy brutto na 1 mieszkańca";"2003";17756;"zł";"";
2600000;"ŚWIĘTOKRZYSKIE";"produkt krajowy brutto na 1 mieszkańca";"2004";19449;"zł";"";
2600000;"ŚWIĘTOKRZYSKIE";"produkt krajowy brutto na 1 mieszkańca";"2005";19906;"zł";"";
2600000;"ŚWIĘTOKRZYSKIE";"produkt krajowy brutto na 1 mieszkańca";"2006";21911;"zł";"";
2600000;"ŚWIĘTOKRZYSKIE";"produkt krajowy brutto na 1 mieszkańca";"2007";24737;"zł";"";
2600000;"ŚWIĘTOKRZYSKIE";"produkt krajowy brutto na 1 mieszkańca";"2008";27718;"zł";"";
2600000;"ŚWIĘTOKRZYSKIE";"produkt krajowy brutto na 1 mieszkańca";"2009";28071;"zł";"";
2600000;"ŚWIĘTOKRZYSKIE";"produkt krajowy brutto na 1 mieszkańca";"2010";29011;"zł";"";
2600000;"ŚWIĘTOKRZYSKIE";"produkt krajowy brutto na 1 mieszkańca";"2011";30972;"zł";"";
2600000;"ŚWIĘTOKRZYSKIE";"produkt krajowy brutto na 1 mieszkańca";"2012";31602;"zł";"";
2600000;"ŚWIĘTOKRZYSKIE";"produkt krajowy brutto na 1 mieszkańca";"2013";31326;"zł";"";
2600000;"ŚWIĘTOKRZYSKIE";"produkt krajowy brutto na 1 mieszkańca";"2014";32613;"zł";"";
2600000;"ŚWIĘTOKRZYSKIE";"produkt krajowy brutto na 1 mieszkańca";"2015";33958;"zł";"";
2600000;"ŚWIĘTOKRZYSKIE";"produkt krajowy brutto na 1 mieszkańca";"2016";34771;"zł";"";
2600000;"ŚWIĘTOKRZYSKIE";"produkt krajowy brutto na 1 mieszkańca";"2017";37048;"zł";"";
2600000;"ŚWIĘTOKRZYSKIE";"produkt krajowy brutto na 1 mieszkańca";"2018";39926;"zł";"";
2600000;"ŚWIĘTOKRZYSKIE";"produkt krajowy brutto na 1 mieszkańca";"2019";42608;"zł";"";
2600000;"ŚWIĘTOKRZYSKIE";"produkt krajowy brutto na 1 mieszkańca";"2020";43646;"zł";"s";
2600000;"ŚWIĘTOKRZYSKIE";"produkt krajowy brutto na 1 mieszkańca";"2021";;"zł";"n";
2800000;"WARMIŃSKO-MAZURSKIE";"produkt krajowy brutto na 1 mieszkańca";"2000";15167;"zł";"";
2800000;"WARMIŃSKO-MAZURSKIE";"produkt krajowy brutto na 1 mieszkańca";"2001";15485;"zł";"";
2800000;"WARMIŃSKO-MAZURSKIE";"produkt krajowy brutto na 1 mieszkańca";"2002";16013;"zł";"";
2800000;"WARMIŃSKO-MAZURSKIE";"produkt krajowy brutto na 1 mieszkańca";"2003";17024;"zł";"";
2800000;"WARMIŃSKO-MAZURSKIE";"produkt krajowy brutto na 1 mieszkańca";"2004";18490;"zł";"";
2800000;"WARMIŃSKO-MAZURSKIE";"produkt krajowy brutto na 1 mieszkańca";"2005";19532;"zł";"";
2800000;"WARMIŃSKO-MAZURSKIE";"produkt krajowy brutto na 1 mieszkańca";"2006";20904;"zł";"";
2800000;"WARMIŃSKO-MAZURSKIE";"produkt krajowy brutto na 1 mieszkańca";"2007";22988;"zł";"";
2800000;"WARMIŃSKO-MAZURSKIE";"produkt krajowy brutto na 1 mieszkańca";"2008";24855;"zł";"";
2800000;"WARMIŃSKO-MAZURSKIE";"produkt krajowy brutto na 1 mieszkańca";"2009";25978;"zł";"";
2800000;"WARMIŃSKO-MAZURSKIE";"produkt krajowy brutto na 1 mieszkańca";"2010";27331;"zł";"";
2800000;"WARMIŃSKO-MAZURSKIE";"produkt krajowy brutto na 1 mieszkańca";"2011";29329;"zł";"";
2800000;"WARMIŃSKO-MAZURSKIE";"produkt krajowy brutto na 1 mieszkańca";"2012";30234;"zł";"";
2800000;"WARMIŃSKO-MAZURSKIE";"produkt krajowy brutto na 1 mieszkańca";"2013";30722;"zł";"";
2800000;"WARMIŃSKO-MAZURSKIE";"produkt krajowy brutto na 1 mieszkańca";"2014";31958;"zł";"";
2800000;"WARMIŃSKO-MAZURSKIE";"produkt krajowy brutto na 1 mieszkańca";"2015";33311;"zł";"";
2800000;"WARMIŃSKO-MAZURSKIE";"produkt krajowy brutto na 1 mieszkańca";"2016";34681;"zł";"";
2800000;"WARMIŃSKO-MAZURSKIE";"produkt krajowy brutto na 1 mieszkańca";"2017";36381;"zł";"";
2800000;"WARMIŃSKO-MAZURSKIE";"produkt krajowy brutto na 1 mieszkańca";"2018";38094;"zł";"";
2800000;"WARMIŃSKO-MAZURSKIE";"produkt krajowy brutto na 1 mieszkańca";"2019";40883;"zł";"";
2800000;"WARMIŃSKO-MAZURSKIE";"produkt krajowy brutto na 1 mieszkańca";"2020";42566;"zł";"s";
2800000;"WARMIŃSKO-MAZURSKIE";"produkt krajowy brutto na 1 mieszkańca";"2021";;"zł";"n";
3000000;"WIELKOPOLSKIE";"produkt krajowy brutto na 1 mieszkańca";"2000";20897;"zł";"";
3000000;"WIELKOPOLSKIE";"produkt krajowy brutto na 1 mieszkańca";"2001";21807;"zł";"";
3000000;"WIELKOPOLSKIE";"produkt krajowy brutto na 1 mieszkańca";"2002";22138;"zł";"";
3000000;"WIELKOPOLSKIE";"produkt krajowy brutto na 1 mieszkańca";"2003";23422;"zł";"";
3000000;"WIELKOPOLSKIE";"produkt krajowy brutto na 1 mieszkańca";"2004";26140;"zł";"";
3000000;"WIELKOPOLSKIE";"produkt krajowy brutto na 1 mieszkańca";"2005";27927;"zł";"";
3000000;"WIELKOPOLSKIE";"produkt krajowy brutto na 1 mieszkańca";"2006";29781;"zł";"";
3000000;"WIELKOPOLSKIE";"produkt krajowy brutto na 1 mieszkańca";"2007";32858;"zł";"";
3000000;"WIELKOPOLSKIE";"produkt krajowy brutto na 1 mieszkańca";"2008";35592;"zł";"";
3000000;"WIELKOPOLSKIE";"produkt krajowy brutto na 1 mieszkańca";"2009";38374;"zł";"";
3000000;"WIELKOPOLSKIE";"produkt krajowy brutto na 1 mieszkańca";"2010";39430;"zł";"";
3000000;"WIELKOPOLSKIE";"produkt krajowy brutto na 1 mieszkańca";"2011";42640;"zł";"";
3000000;"WIELKOPOLSKIE";"produkt krajowy brutto na 1 mieszkańca";"2012";44524;"zł";"";
3000000;"WIELKOPOLSKIE";"produkt krajowy brutto na 1 mieszkańca";"2013";45813;"zł";"";
3000000;"WIELKOPOLSKIE";"produkt krajowy brutto na 1 mieszkańca";"2014";47679;"zł";"";
3000000;"WIELKOPOLSKIE";"produkt krajowy brutto na 1 mieszkańca";"2015";50822;"zł";"";
3000000;"WIELKOPOLSKIE";"produkt krajowy brutto na 1 mieszkańca";"2016";52880;"zł";"";
3000000;"WIELKOPOLSKIE";"produkt krajowy brutto na 1 mieszkańca";"2017";56498;"zł";"";
3000000;"WIELKOPOLSKIE";"produkt krajowy brutto na 1 mieszkańca";"2018";59643;"zł";"";
3000000;"WIELKOPOLSKIE";"produkt krajowy brutto na 1 mieszkańca";"2019";64763;"zł";"";
3000000;"WIELKOPOLSKIE";"produkt krajowy brutto na 1 mieszkańca";"2020";66208;"zł";"s";
3000000;"WIELKOPOLSKIE";"produkt krajowy brutto na 1 mieszkańca";"2021";;"zł";"n";
3200000;"ZACHODNIOPOMORSKIE";"produkt krajowy brutto na 1 mieszkańca";"2000";19361;"zł";"";
3200000;"ZACHODNIOPOMORSKIE";"produkt krajowy brutto na 1 mieszkańca";"2001";19830;"zł";"";
3200000;"ZACHODNIOPOMORSKIE";"produkt krajowy brutto na 1 mieszkańca";"2002";20298;"zł";"";
3200000;"ZACHODNIOPOMORSKIE";"produkt krajowy brutto na 1 mieszkańca";"2003";20492;"zł";"";
3200000;"ZACHODNIOPOMORSKIE";"produkt krajowy brutto na 1 mieszkańca";"2004";22062;"zł";"";
3200000;"ZACHODNIOPOMORSKIE";"produkt krajowy brutto na 1 mieszkańca";"2005";23528;"zł";"";
3200000;"ZACHODNIOPOMORSKIE";"produkt krajowy brutto na 1 mieszkańca";"2006";25231;"zł";"";
3200000;"ZACHODNIOPOMORSKIE";"produkt krajowy brutto na 1 mieszkańca";"2007";27544;"zł";"";
3200000;"ZACHODNIOPOMORSKIE";"produkt krajowy brutto na 1 mieszkańca";"2008";30187;"zł";"";
3200000;"ZACHODNIOPOMORSKIE";"produkt krajowy brutto na 1 mieszkańca";"2009";30797;"zł";"";
3200000;"ZACHODNIOPOMORSKIE";"produkt krajowy brutto na 1 mieszkańca";"2010";32162;"zł";"";
3200000;"ZACHODNIOPOMORSKIE";"produkt krajowy brutto na 1 mieszkańca";"2011";34158;"zł";"";
3200000;"ZACHODNIOPOMORSKIE";"produkt krajowy brutto na 1 mieszkańca";"2012";35423;"zł";"";
3200000;"ZACHODNIOPOMORSKIE";"produkt krajowy brutto na 1 mieszkańca";"2013";35776;"zł";"";
3200000;"ZACHODNIOPOMORSKIE";"produkt krajowy brutto na 1 mieszkańca";"2014";37423;"zł";"";
3200000;"ZACHODNIOPOMORSKIE";"produkt krajowy brutto na 1 mieszkańca";"2015";39681;"zł";"";
3200000;"ZACHODNIOPOMORSKIE";"produkt krajowy brutto na 1 mieszkańca";"2016";40704;"zł";"";
3200000;"ZACHODNIOPOMORSKIE";"produkt krajowy brutto na 1 mieszkańca";"2017";43194;"zł";"";
3200000;"ZACHODNIOPOMORSKIE";"produkt krajowy brutto na 1 mieszkańca";"2018";45949;"zł";"";
3200000;"ZACHODNIOPOMORSKIE";"produkt krajowy brutto na 1 mieszkańca";"2019";49496;"zł";"";
3200000;"ZACHODNIOPOMORSKIE";"produkt krajowy brutto na 1 mieszkańca";"2020";50700;"zł";"s";
3200000;"ZACHODNIOPOMORSKIE";"produkt krajowy brutto na 1 mieszkańca";"2021";;"zł";"n";
